id,title,author,year
1,Werner - Beinhart!,Ev Ledwitch,1997
2,Snow Dogs,Barty Reen,2008
3,"Man Who Knew Too Much, The",Melisa Houndson,2024
4,Puppet Master 4,Dorotea Grundey,2016
5,She Cried No (Freshman Fall),Orson Kincaid,1987
6,"Summer Hours (Heure d'été, L')",Sid Scullin,2000
7,Return to Life,Sheela Rylands,2011
8,Attack of the Crab Monsters,Barbi Bridle,2009
9,Walking with Prehistoric Beasts,Aeriela Linnell,2000
10,Armless,Clayson Braid,2010
11,"Fourth Protocol, The",Magdalena Burley,1989
12,Proxy,Kristian McCreery,2001
13,Circle of Eight,Vere Cawthery,2016
14,$5 a Day,Yorke Cashen,2004
15,Topaze,Gusti Wicks,2007
16,High School,Domingo Fancourt,2006
17,Venus Beauty Institute (Vénus beauté),Mel Marzelo,2017
18,"First $20 Million Is Always the Hardest, The",Rutger Arrigo,2013
19,"Thousand Clowns, A",Delbert Keddy,1995
20,Longford,Giles Broadbere,2001
21,"Rat Race, The (Garson Kanin's The Rat Race)",Adorne Weben,2009
22,"Loved Ones, The",Garland Urpeth,1989
23,Medora,Franny Fillingham,2006
24,"Kid in King Arthur's Court, A",Ninetta Seakes,2020
25,My Cousin Rachel,Aviva Sagar,2007
26,Corn Island (Simindis kundzuli),Marrissa Porter,2013
27,"Aerial, The (La antena)",Hildegaard Gronow,2021
28,Deep Water,Tonya Pecha,1986
29,"Bikini Carwash Company, The",Morris Leall,1992
30,Deep Sea 3D,Lissie Drewson,1999
31,B.T.K.,Gavan Spinelli,1979
32,Human Planet,Alexandra Fylan,2000
33,How Wang-Fo Was Saved (Comment Wang-Fo fut sauvé),Lowrance Bullick,2024
34,"Count Yorga, Vampire",Lindon Crennan,1981
35,Starship Troopers: Invasion,Ron Dare,1994
36,One True Thing,Lorelei Duthie,1995
37,Outfoxed: Rupert Murdoch's War on Journalism,Clarance Wickling,1995
38,Kick-Ass,Malory Pidduck,2023
39,Fired Up,Randi Laker,2013
40,"Island President, The",Cory Sauvage,1985
41,Lone Wolf and Cub: Baby Cart at the River Styx (Kozure Ôkami: Sanzu no kawa no ubaguruma),Alon Cereceres,1985
42,Angel of Mine (a.k.a. The Mark of an Angel) (L'empreinte de l'ange),Kelvin Coldbath,2024
43,Love Is a Woman (Death Is a Woman),Lilas Koopman,1998
44,"Edukators, The (Die Fetten Jahre sind vorbei)",Moina Anthiftle,1976
45,I Am David,Marsiella Francais,2006
46,On the Beach,Stevie Gregan,1983
47,Nowhere to Hide (Injeong sajeong bol geot eobtda),Conny Kinnane,2010
48,Rollercoaster,Etienne Ellershaw,1990
49,Zift,Miquela Batchelor,2014
50,"Canterbury Tales, The (I racconti di Canterbury)",Feliks Mustill,1983
51,"Virgin Suicides, The",Bogey Vaneev,2012
52,Yojimbo,Audy Kempshall,1982
53,That Awkward Moment,Nolly Borg-Bartolo,2003
54,Water Lilies (Naissance des pieuvres),Jaclin Whitehouse,1979
55,Birthday Girl,Early Noury,2017
56,Heaven & Earth,Brietta Brelsford,2013
57,Swamp Shark,Xylina Van der Son,1998
58,Julia,Terrijo Rosenkrantz,1989
59,"Kautokeino Rebellion, The (Kautokeino-opprøret)",Sheffield McLoney,1983
60,The Mummy's Shroud,Joane Burdikin,1991
61,"Long Goodbye, The",Ahmed Kleinberer,2013
62,Modesty Blaise,Thurstan Kiddie,1977
63,Don't Look in the Basement!,Somerset Crayker,2004
64,Despicable Me,Natalina Morcomb,1999
65,Rebirth of Mothra,Hester Gaffer,2024
66,"Invisible Ray, The",Salaidh Swynfen,1986
67,The Girl from the Marsh Croft,Henri Yoskowitz,2015
68,Ivory Tower,Ced Longfoot,2011
69,Ingrid,Frank Garretson,1978
70,Shackleton's Antarctic Adventure,Engelbert Mapstone,1995
71,River of No Return,Agnes Cockitt,1985
72,Baggage Claim,Windy Sansun,1982
73,"Kid for Two Farthings, A",Bibby Yurikov,2024
74,Raising Arizona,Bartel Mann,2005
75,Implanted,Sissy Hailes,2023
76,"Hand of Peace: Pope Pius XII and the Holocaust, A",Rianon Keyzman,2002
77,Some Came Running,Karie Priestner,1993
78,Godzilla's Revenge (Gojira-Minira-Gabara: Oru Kaijû Daishingeki) (All Monsters Attack),Tomas Gudd,1975
79,Is It Easy to be Young?,Martin McCahill,2022
80,Diabolique,Shandra Elener,1987
81,"King of Texas, The",Christyna Dulwich,1978
82,Grey Gardens,Hedwig Shambrooke,1998
83,New York Doll,Molli Piggens,1991
84,Hounddog,Angus Witherby,1996
85,"Bigamist, The",Claudius Swinden,1993
86,Angel's Leap,Audy Bwy,2022
87,"Purge: Anarchy, The",Clim Avery,1977
88,"Temptress, The",Emma Annear,2022
89,Corner Gas: The Movie,Glynis Pentecost,2016
90,Runaway Bride,Orv Linklater,2018
91,Varsity Blues,Cassy Le-Good,1995
92,"Midnight (Primeiro Dia, O)",Meaghan Pexton,2003
93,Rooster's Breakfast (Petelinji zajtrk),Meg Berzon,1997
94,Jönssonligan - Den perfekta stöten,Estelle Boothe,1988
95,Delicatessen,Germaine Atlay,2015
96,Attack of the Crab Monsters,Kristoforo Pargent,1987
97,The Hanoi Hilton,Tedra Oakton,1994
98,Blue Steel,Rhodie Francello,1997
99,"Round Up, The (La Rafle)",Lura Kingdon,1981
100,By the People: The Election of Barack Obama,Marje Lathwood,2021
101,Novocaine,Kerwin Padrick,2008
102,Male and Female,Hurley Uzelli,2022
103,Week-End in Havana,Adah Cotmore,1976
104,Violet & Daisy,Sianna Probin,1981
105,Doc of the Dead,Carolynn Peto,1977
106,Blackmailed,Agna Pittendreigh,2011
107,Rigor Mortis (Geung si),Gill Ballintime,2016
108,Charlie Chan in City in Darkness,Terrill Ansty,1983
109,"New Jean-Claude, The (Le nouveau Jean-Claude)",Ezra Littell,1981
110,"Devil's Chair, The",Roarke Harrow,1993
111,"Gymnast, The",Jarrett Viant,1978
112,Santa Who?,Rosamund Whelpton,2003
113,Time Stood Still (Il tempo si è fermato),Xenos Kipping,1980
114,Haunter,Kennedy Renowden,1978
115,Whitey: United States of America v. James J. Bulger,Veronike Marjanski,2007
116,Alien Nation: The Udara Legacy,Julianna Tukely,1981
117,I Do,Hadrian Pressdee,2021
118,The Hallelujah Handshake,Jase Shoreson,1991
119,Lumiere and Company (Lumière et compagnie),Dillie Gagie,1990
120,Youth of the Son,Daphna Wibrew,1998
121,"Classe Tous Risques (Big Risk, The)",Emera Lockey,1998
122,Orphans,Willette Sacase,1975
123,Kid Cannabis,Marshall Winspire,2022
124,Love Letters,Jenica Westhead,2017
125,Wanted,Bealle Ivashkin,1976
126,Happiness (Schastye),Lucky Maddaford,1984
127,When Brendan Met Trudy,Carlie Dominighi,2002
128,Double Wedding,Nicol Connaughton,1990
129,Hangar 18,Roze Haggerstone,1994
130,Don't Look Back,Loren Hinkley,2022
131,Scorpio Rising,Amargo Fitchet,2014
132,Secrets of the Tribe,Ezmeralda Garroch,2011
133,"Golden Boys, The",Lenard Varian,2013
134,God's Not Dead,Gayleen Bound,2019
135,"Three Marias, The (Três Marias, As)",Aime Josilevich,2021
136,Patriot Games,Roby Stallen,2014
137,Dying of the Light,Konrad Perico,2015
138,Outpost,Nancy Mulderrig,1998
139,"Brony Tale, A",Elle Kehri,1989
140,Twelve Angry Men,Stanislaus McLoney,1989
141,Big Buck Bunny,Berta Pascall,2017
142,Josh and S.A.M.,Carin Goffe,2018
143,"Grey Zone, The",Lorene Witnall,2006
144,Don't Say a Word,Enrika MacConnechie,1988
145,Sasayaki (a.k.a. Moonlight Whispers) (Gekkô no sasayaki),Donelle Foxon,1987
146,Predator 2,Kathryne Kalvin,2002
147,"South, The (Sur, El)",Elinore Burkman,2014
148,McHale's Navy,Julie Coxwell,2000
149,"Hound of the Baskervilles, The",Peg Konrad,1996
150,Marriage Material,Kathrine Hamilton,2008
151,He Ran All the Way,Guillaume Bolam,1979
152,Isle of the Dead,Candace Braunfeld,2008
153,Frozen Hell (Jäämarssi) ,Ragnar Latore,1995
154,Capturing Mary,Erika Schulze,2012
155,After the Thin Man,Baryram Flaunders,2015
156,"Philadelphia Story, The",Glory Sitlington,2007
157,Northanger Abbey,Grover Udey,1975
158,My Mother's Courage (Mutters Courage),Leigha Fathers,2021
159,Indochine,Bertina Lutwyche,2004
160,"Trespasser, The",Sigvard Hanshaw,2011
161,Hannie Caulder,Osgood Vasyunin,1983
162,To Live (Huozhe),Kikelia Burk,2001
163,Middle Men,Maisie Coldwell,1987
164,Friends and Family,Nathanial Wynrehame,2013
165,Man to Man,Janie Garbutt,1981
166,Aprile,Burke Hehl,2011
167,The Private Life of Deer,Charmine Maton,2007
168,"Holcroft Covenant, The",Melody Hyde-Chambers,2024
169,"Fiancee, The (Parineeta)",Barbee Barke,1997
170, Days of Summer,Krystalle Bootherstone,2025
171,"Detective, The (C+ jing taam)",Marje Passfield,2004
172,Death of a Salesman,Shandie Aldgate,2001
173,Invisible Target (Naam yi boon sik),Rebekah Dougliss,2021
174,"Fox, The",Klara Freiburger,2023
175,The Substitute 2: School's Out,Alfy Deares,1986
176,A Smoky Mountain Christmas,Alexandra Jayume,2019
177,Dragon Inn (Sun lung moon hak chan),Bibby Wimsett,1975
178,Homevideo,Gothart Parnby,2012
179,Perifery (Härmä),Harriette Sancroft,1976
180,Godsend,Corina Storrier,2011
181,"Corsican File, The (L'enquête corse)",Sela Grasha,1983
182,Kabul Express,Jecho Liddle,2000
183,Tower Heist,Adoree Franzen,2021
184,Lloyds of London,Elisabetta Kincey,1990
185,"Freshman, The",Jenica Tabart,2022
186,Big Animal (Duze zwierze),Adam Samet,2023
187,Tales of Terror,Amber Rosengart,1991
188,"Flintstones in Viva Rock Vegas, The",Justinian Salatino,1975
189,"Alice, Sweet Alice (a.k.a. Communion) (a.k.a. Holy Terror)",Bunny Landman,1981
190,Pretty Cool,Papagena Bottinelli,1994
191,Nameless Gangster (Bumchoiwaui junjaeng),Hettie McCaig,1990
192,Tom Jones,Willamina Finessy,1997
193,Iron Eagle II,Angelico Spurret,2019
194,I Was A Communist for the FBI,Abner Conew,1992
195,"English Surgeon, The",Martita Kroin,2023
196,12:08 East of Bucharest (A fost sau n-a fost?),Cordy Yea,1989
197,Nightmares in Red White & Blue: The Evolution of the American Horror Film,Nariko Levermore,1984
198,Cuban Fury,Guillaume MacDiarmond,1983
199,Confessions of a Pop Performer,Inger Kasper,1990
200,How to Be a Man,Birdie Lardeux,2013
201,Killer Elite,Fredelia Zannelli,2015
202,Toy Story 3,Jaymie Heinish,2007
203,To Rome with Love,Dionis Boeck,2019
204,Eddie and the Cruisers II: Eddie Lives!,Darb Osgar,1987
205,I Can't Sleep (J'ai pas sommeil),Alic Sinncock,1985
206,Born on the Fourth of July,Wilhelmina Junifer,2017
207,The Pacific,Templeton Gossan,2013
208,40 Guns to Apache Pass,Sella Webburn,1988
209,Hot to Trot,Brantley Duffitt,1999
210,"Chipmunk Adventure, The",Averil Buckston,1992
211,Joy of Sex,Glennis Kiessel,1977
212,"Codes of Gender, The",Bobbie Giannini,2014
213,Bossa Nova,Giacobo Zammett,2004
214,Decoding the Past: Secrets of the Koran,Lorraine Ruffles,2018
215,Four more years (Fyra år till),Enrika Langmead,1978
216,Unbeatable (Ji zhan),Ezmeralda Godsal,2002
217,Hotel Terminus: The Life and Times of Klaus Barbie (Hôtel Terminus),Wilhelmina Parsons,1991
218,Trans-Europ-Express,Tore Hanny,1977
219,Hands Across the Table,Goldina Hallstone,2018
220,Big Boys Gone Bananas!*,Sandy Gludor,2020
221,Carbine Williams,Carmon Alred,1994
222,Temptation of a Monk (You Seng),Marge Gascoyne,1996
223,Ladybug Ladybug ,Ginni Bothe,1984
224,Dust,Ann-marie Qualtrough,2004
225,"Bat Whispers, The",Cathi Eisikowitch,2008
226,"Anna Nicole (Anna Nicole Smith Story, The)",Ivett Stearne,1984
227,Man on the Flying Trapeze,Astrix Manston,2018
228,Zus & Zo,Anastassia Barkway,1976
229,Zoo,Ashla Wanek,2020
230,Night Flight,Granger Schelle,1987
231,Two Bits,Bobby Hawk,1991
232,Kwik Stop,Quentin Gibson,1979
233,The Arrival of Wang,Joshia Stoeck,2024
234,Doctor Detroit,Virgilio Cassin,1977
235,Teddy Bear (Mis),Georgie Ferguson,1984
236,"Greater Promise, A (Iskateli Schastya)",Stephie Kissick,1981
237,The Trans-Atlantic Mystery,Gardener Coke,2014
238,Fall of the Republic: The Presidency of Barack H. Obama,Glenine Vuitte,2014
239,Zouzou,Billy Nelson,2004
240,Coherence,Hans Bruckmann,2011
241,Envy (Kiskanmak),Barty Kidwell,1985
242,Stand-In,Norton Eilert,1994
243,Intouchables,Victoria Spaice,2023
244,Harem suare,Wynn Salle,2006
245,Vassilisa the Beautiful (Vasilisa prekrasnaya),Eberhard Brecknock,1979
246,"Comedians of Comedy, The",Adriano Muckart,1983
247,Adam's Rib,Freida Arnao,2011
248,"Gazebo, The",Andriana Feenan,1999
249,Gracie,Lari Pauer,2022
250,Bird,Esme Patillo,2022
251,"Phantom of Liberty, The (Fantôme de la liberté, Le)",Verge Hardaway,2017
252,A Mulher Invisível,Oliver Potteridge,1989
253,"Lucía, Lucía (Hija del caníbal, La)",Carr Kilbourne,1985
254,Mishen (Target),Jamie Fallon,1989
255,"Deadly Trap, The (La maison sous les arbres)",Brande Mowson,2006
256,Star Trek III: The Search for Spock,Lorene O'Meara,2018
257,Against The Sun,Fowler Blasing,2017
258,Werckmeister Harmonies (Werckmeister harmóniák),Brendis Oakley,1984
259,All About Eve,Rutledge Kurton,2012
260,"Task, The",Kalina Drogan,2024
261,Forever Strong,Doug Pallent,2009
262,Grateful Dawg,Taber Bewshire,2015
263,"Anna Nicole (Anna Nicole Smith Story, The)",Roze Godleman,1999
264,It's a Gift,Gabie Gwillim,1986
265,"Landlord, The",Jeramey Rogan,1992
266,Boiler Room,Virgil Mariault,1995
267,"Goddess, The (Shen nu)",Austine Andreucci,1980
268,You Will Be My Son (Tu seras mon fils),Jamil Beamiss,2019
269,Animal Kingdom,Charleen Alliban,1995
270,Marriage Retreat,Grenville Lindberg,2009
271,Turkish Passion (La pasión turca),Willyt Chasmer,1978
272,Battlestar Galactica: Razor,Thorndike Uccelli,2017
273,Zombie Girl: The Movie,Arlyne Muzzillo,2005
274,"White Diamond, The",Tobias Verman,1975
275,Unstrung Heroes,Terza Nabarro,2001
276,Bang,Perrine Cerie,1977
277,On Deadly Ground,Glori Mollnar,2010
278,Herbie Rides Again,Jessamine Cottom,1981
279,"Education of Little Tree, The",Odie Ganley,2005
280,More,Addison Wakelam,1987
281,Xingu ,Sheffie Nibley,1998
282,"Final Conflict, The (a.k.a. Omen III: The Final Conflict)",Cris Sinson,1994
283,"Makioka Sisters, The (Sasame-yuki)",Emmalyn Hurkett,1981
284,Beauty in Trouble (Kráska v nesnázích),Kenn Perfili,1986
285,Farmer & Chase,Jackie Craigheid,1978
286,Quarantine 2: Terminal,Pandora Cunningham,1981
287,The Case of the Lucky Legs,Courtney Lorans,1985
288,Poultrygeist: Night of the Chicken Dead,Gabriellia Kerr,2013
289,"Clay Bird, The (Matir moina)",Junie Riach,1977
290,Iron Island (Jazireh Ahani),Lucien Cricket,2004
291,Bad Luck (Zezowate szczescie),Wilden Scougal,1980
292,Everything I Can See From Here,Charity Lys,2023
293,"Man Who Shot Liberty Valance, The",Loy Sabbatier,1979
294,Enlighten Up!,Agretha Roston,1994
295,Kambakkht Ishq (Incredible Love),Lorrie Hogsden,2013
296,Teenage,Dylan Giercke,2010
297,Goon,Welch Murphey,2017
298,"Brotherhood, The",Carmelina Millins,1992
299,If These Walls Could Talk,Itch Klebes,2024
300,Armadillo,Orland Blackaller,2007
301,Dark Forces (Harlequin),Bar Meikle,1992
302,"Sunshine Boys, The",Inge Barmby,2022
303,Harrison's Flowers,Estella MacMenamy,2015
304,Effie Gray,Rudolph Tapton,1984
305,It Conquered the World,Brandtr Learmonth,1983
306,Main Street,Gan Murra,1984
307,Reflections in a Golden Eye,Ev Marrow,2023
308,Red Riding: 1980,Carling Bamlett,1975
309,Dead Rising: Watchtower,Lorette Dorsey,2021
310,World Traveler,Susie Jacobs,2000
311,"Book of Fate, The (Kohtalon kirja)",Aldis Davis,2008
312,Couples Retreat,Cordelie Burrow,2023
313,Rise of the Guardians,Dorothy Toft,1988
314,"Letter to Momo, A (Momo e no tegami)",Vannie Kent,2015
315,"Cannonball Run, The",Cristine Olkowicz,2002
316,"Horde, The (La Horde)",Corbie Ashpital,1975
317,Veer Zaara,Clayson Gumbley,1992
318,King Ralph,Darrell Pender,2019
319,Sir Arne's Treasure,Reece Tancock,1986
320,Cowboy Bebop: The Movie (Cowboy Bebop: Tengoku no Tobira),Etheline Corps,2012
321,Al-risâlah,Karin Skegg,1997
322,TT3D: Closer to the Edge,Curtis Mc Ilory,2000
323,House at the End of the Street,Hayley Pinson,1991
324,Pale Cocoon (Peiru Kokun),Duffie Provost,1981
325,Ring of Darkness,Simonne Manhood,1983
326,Jason X,Reggie Formie,2008
327,"All the Way Boys (Più forte, ragazzi!)",Dorothy Neubigin,1978
328,Steel Dawn,Brice Creavan,2003
329,Phantom,Steffen Matten,2016
330,Resan Till Melonia,Orelle Portlock,2012
331,"Rat Savior, The (Izbavitelj)",Averill July,1978
332,Camilla,Jard Sandilands,1984
333,Police,Farly Roch,2003
334,Tromeo and Juliet,Spence Pendall,1991
335,Good Neighbor Sam,Diena Durnian,2022
336,Pawn Shop Chronicles,Alexina Halliburton,2018
337,Unfair Competition (Concorrenza sleale),Malissa Bawle,1999
338,Riley Rewind,Pip Bowich,1991
339,Merry Christmas Mr. Lawrence,Kally Dwerryhouse,2015
340,Catch-22,Tally Jaram,1988
341,Divorce - Italian Style (Divorzio all'italiana),Winfield Spruce,1997
342,Thieves' Highway,Jamie Van Arsdalen,1980
343,"It's the Easter Beagle, Charlie Brown!",Foss Knowlson,1978
344,"Paris, Texas",Gabi Gribben,2023
345,Killer Elite,Pru Mitchelmore,1993
346,Slipstream,Danie Turmel,2020
347,Robin-B-Hood (Bo bui gai wak),Maridel Duckham,2017
348,New Jack City,Pren Moline,1986
349,Amityville 1992: It's About Time,Dell McPhillimey,1994
350,"Dream Catcher, The",Benedetta Smidmore,1995
351,Reclaim,Tyrus Nairy,1987
352,Steel,Portia Saunt,1977
353,Shadowzone,Sibylle Linkie,2024
354,Shutter,Luke Dyter,2007
355,Beautiful Ohio,Idaline Shane,1977
356,Body/Cialo,Tedra Jeskins,1979
357,Breaking the Silence: Truth and Lies in the War on Terror,Maegan Hawe,1982
358,Penthouse North,Adora Creagh,1981
359,Alien Escape,Darcy Livzey,1977
360,Guardians of the Galaxy,Vitoria Fishenden,1990
361,Barcelona,Isabelita Vallentin,2010
362,Breaking Upwards,Sven Jenkin,2023
363,Backfire,Jackqueline Mc Menamin,2024
364,Raising Arizona,Brady Clubbe,2025
365,Hellraiser: Inferno,Dougy Graham,2020
366,Marc Maron: Thinky Pain,Kordula Krochmann,1991
367,Halloween,Bryna Boorn,2013
368,"Duel at Silver Creek, The",Tabor Pollendine,1992
369,Kelly & Cal,Joela Lynd,1987
370,Life Is a Long Quiet River (La vie est un long fleuve tranquille),Ellary Greason,1977
371,Excuse My Dust,Patrice Tremouille,1986
372,Strike (Stachka),Yorgos Hazard,1984
373,"Passion of Anna, The (Passion, En)",Clyde Djorvic,2014
374,Jean-Luc Cinema Godard,Menard Tothe,1988
375,"Last Flight of Noah's Ark, The",Jennilee Zettoi,1984
376,Lee Daniels' The Butler,Francesco Roger,2003
377,Not of This Earth,Feodora Humbert,2015
378,Hollywood Ending,Coleman Swindley,2002
379,Eureka (Yurîka),Phillie Sambrook,1977
380,"Me Two (Personne aux deux personnes, La)",Amberly Howarth,2022
381,Black Orpheus (Orfeu Negro),Gayler Nasi,2021
382,Seeking a Friend for the End of the World,Tamma Lettson,1995
383,Escape from Fort Bravo,Felike Simko,2010
384,Far Cry,Gray Borrett,1980
385,Get on the Bus,Dreddy Ensor,2012
386,"Temptress, The",Druci Curro,1983
387,Dear Pillow,Berky Blatcher,2025
388,Yankee Zulu,Tobye De Courtney,1984
389,Starship Troopers 2: Hero of the Federation,Gavin Dessent,2003
390,"Century of Cinema, A",Kerwin Stabbins,2018
391,Casa de los babys,Oralia O'Daly,2025
392,Treasure Island,Bayard Sansun,2008
393,More Dead Than Alive,Colby St Quenin,1998
394,The Pee-Wee Herman Show on Broadway,Herrick Birchall,2017
395,Man of the West,Richmound MacGiolla Pheadair,2011
396,Tennessee,Isabeau Kolczynski,2003
397,Bachelor Mother,Dasya Epine,1988
398,Fantastic Four: Rise of the Silver Surfer,Helaina Fenby,2015
399,Tales of the Grim Sleeper,Sandy Dodshon,1980
400,"Prince of Central Park, The",Em Davitti,2013
401,Cool Runnings,Leigha Skayman,2001
402,"Hills Have Eyes, The",Issiah Babidge,2020
403,Angel,Janice Bridges,1984
404,Shane,Ray Rayhill,1980
405,Human Resources (Ressources humaines),Gilberta Adolfson,1976
406,"Notebook, The (A nagy füzet)",Peyter Duke,2002
407,Amy,Megen Fludgate,1992
408,"Big Heat, The",Nickie Ibbett,2005
409,The War at Home,Chad Sauter,1985
410,The Menacing Eye,Terrance Careswell,1998
411,Les invincibles,Brittne Crumly,2017
412,Shelter,Kiah Brickham,1980
413,Brunet Will Call (Brunet wieczorowa pora),Roselia Corselles,1988
414,Terms and Conditions May Apply,Miquela Nawton,2013
415,Adrift in Tokyo (Tenten),Zedekiah Buxcey,1999
416,Silent Fall,Mead Sinnock,1983
417,Lord of War,Mercie Walcot,2015
418,"Keys to the House, The (Chiavi di casa, Le)",Bink Elsdon,1988
419,"Long Weekend, The",Efren Du Hamel,1994
420,Our Mother's House,Stafani Bradneck,2005
421,My Life Without Me,Aliza Hinsch,1980
422,Dean Spanley,Melli Marsters,1985
423,Anything Else,Cory Balducci,1983
424,First Squad: The Moment of Truth,Sibylle Gregine,1986
425,One Night Stand,Desmond Ulyatt,1990
426,Extreme Movie,Delphinia Eshelby,1984
427,American Hardcore,Cirillo Gallafant,1986
428,Men Without Women,Demetria Mochan,2019
429,Sink the Bismark!,Seline Huyton,2011
430,Faith School Menace?,Hortense Deniso,1982
431,Lloyds of London,Andrus Bagworth,2006
432,Poolboy: Drowning Out the Fury,Ferguson Blown,2000
433,Hogfather (Terry Pratchett's Hogfather),Mandi Purdom,1989
434,Fulltime Killer (Chuen jik sat sau),Mair Tandy,2012
435,Just the Ticket,Wilhelmina Dumblton,2019
436,Camino,Corie Gabbotts,2004
437,About Time,Ailis Whoston,2004
438,Monsieur Lazhar,Cesaro Bembrigg,2024
439,All About Actresses (Le bal des actrices),Daniele Orneles,2012
440,Necessary Roughness,Peterus Pyle,1978
441,Big Stan,Odessa Bartolomucci,1983
442,"War Wagon, The",Pierce Gobbett,1990
443,Going in Style,Kirsteni Gooms,2025
444,"Addiction, The",Vincents Scouse,1999
445,Tess of the Storm Country,Morlee Rosentholer,2006
446,Madame Rosa (La vie devant soi),Nikolai Hebbard,1997
447,Punksters & Youngsters (Punk - Tauti joka ei tapa),Papageno Ruggs,2001
448,Sudden Manhattan,Shadow Braybrook,2015
449,Deadly Advice,Rod Radbourne,2008
450,MacGruber,Bonny Yakuntzov,1995
451,Night Editor,Odette Hamnet,2015
452,A Walk in the Woods,Vicky Cannavan,1983
453,We Feed the World,Vincenz Ede,1993
454,First Family,Stanislaus O'Mullaney,1995
455,Head Above Water,Jamey Spieght,2021
456,"Grave Decisions (Wer früher stirbt, ist länger tot)",Farrand Mathwin,2021
457,A Night at the Movies: The Suspenseful World of Thrillers,Andie Kohlert,2005
458,For the Love of Movies,Tiffi Sherrett,2025
459,Eerie Tales (Unheimliche Geschichten),Tiertza Petyanin,1984
460,Love Torn in Dream (Combat d'amour en songe),Halie Bloomfield,1985
461,It Runs in the Family,Ardella Lotte,2012
462,7 Days (Les 7 jours du talion),Rowney Goulding,1986
463,I Give It a Year,Cam Dagworthy,1991
464,"Midnight Clear, A",Grissel Latliff,1986
465,"Killers, The",Star Ogus,1980
466,Jimi Hendrix,Bert Roust,1982
467,"Sea Gull, The",Elfreda Kingsley,2024
468,"Hounds, The",Vinny Alleburton,2019
469,Anything Else,Berny Wheldon,1993
470,That Touch of Mink,Caralie Bleesing,1992
471,Sound and Fury,Jarred Pelzer,1998
472,Johnny Express,Fons Le Sarr,2015
473,"Warrior and the Sorceress, The",Arly Fenney,1986
474,Breakout,Hobey Diego,2015
475,Our Town,Ollie Niccolls,2008
476,Karla,Enriqueta Armstrong,2025
477,La Bandera,Bordy Freda,1985
478,Le crocodile du Botswanga,Ray Burdus,2014
479,Condition Red (Beyond the Law),Ashli Haggus,1997
480,"Terminator, The",Kimble Handrock,2001
481,Mr. Kinky,Inger Songest,2009
482,Something Wild,Myrtia Stienham,1999
483,"Wipers Times, The",Seka Suttaby,1997
484,Blondie Knows Best,Udall Pellamont,1981
485,Black Magic (Meeting at Midnight) (Charlie Chan in Meeting at Midnight) (Charlie Chan in Black Magic),Olive Baggot,1992
486,Emmet Otter's Jug-Band Christmas,Odelia Cannan,1999
487,Blue Collar Comedy Tour: The Movie,Kath Walklett,1978
488,Werner - Das muss kesseln!!!,Errick Ainscough,2004
489,Troop Beverly Hills,Ashley Topling,2005
490,Rosario Tijeras,Fremont Goldis,1999
491,"Wave, The",Gretchen Fellona,2002
492,You'll Never Get Rich,Junette Flounders,2004
493,Zach Galifianakis: Live at the Purple Onion,Giulia Testo,1979
494,"House of the Devil, The",Clayborne Axtens,2014
495,"Day of the Jackal, The",Curran Skippon,2014
496,Letters to God,Sioux Turton,1976
497,Accident (Yi ngoi),Klaus Tebbs,2005
498,Passenger 57,Arabela Matveyev,1993
499,Berlin Alexanderplatz,Juanita Baszniak,2015
500,Fracture,Petey Ruxton,2024
501,Hells Angels on Wheels,Casar Detoc,2023
502,In the Realm of the Senses (Ai no corrida),Nathanael Archbald,1983
503,Stop at Nothing: The Lance Armstrong Story,Yankee Langsdon,2017
504,2012,Celia Schoular,1993
505,"Runner, The (Davandeh)",Merline Raynor,2015
506,"Animatrix, The",Arline Morgon,1995
507,The 39 Steps,Celie Clucas,2021
508,Running Scared,Tye Behrend,1981
509,Tulpan,Odo Coad,2009
510,"Blue Angel, The (Blaue Engel, Der)",Adolphus Folshom,2022
511,Nina Frisk,Kathi Pietz,2014
512,Call Me Kuchu,Fay Trewhella,2008
513,Pépé le Moko,Audi Snashall,1984
514,Mary and Martha,Dee dee Klimkovich,2004
515,Set It Off,Irena Ryson,2001
516,Blue in the Face,Rosy MacCartair,2024
517,Bitter Sweet,Deeann Vanichkin,1981
518,Model,Lindie Kleinsmuntz,2019
519,Phat Beach,Blane Sans,2010
520,Boxing Gym,Tim Antushev,1987
521,"Anna Nicole (Anna Nicole Smith Story, The)",Adolphe Trounson,2015
522,Fear and Trembling (Stupeur et tremblements),Deloris Aloigi,2016
523,Arn: The Kingdom at Road's End (Arn: Riket vid vägens slut),Roddie Pettyfer,2005
524,Saving Grace,Alysa MacCallum,1982
525,Kinky Boots,Talyah Kampshell,2011
526,"Other Side of Midnight, The",Sherlock Early,2019
527,Listy do M.,Jeanie Geertsen,2010
528,"Man from Nowhere, The (Ajeossi)",Fawne Bowle,2021
529,Flashdance,Tab Bradly,2023
530,44 Minutes: The North Hollywood Shoot-Out,Connie McMinn,1976
531,Illegal Tender,Maribelle Necolds,1996
532,The House on 56th Street,Windy Maciak,1984
533,Dark Ride,Darsey Bollen,2003
534,Tokyo Zombie (Tôkyô zonbi),Jere Mayoral,2008
535,Parked,Stormie Borell,1991
536,Beautiful Losers,Maurits Longina,2004
537,Expect No Mercy,Theresa Nucator,1978
538,Cazuza - O Tempo Não Pára,Mischa Hardey,1978
539,The Deep Six,Irv Trusty,2023
540,Shrek the Musical,Eleen Crozier,1993
541,Ned Kelly,Valeria Fidelus,1980
542,Revenge of the Green Dragons,Adelaida Marchington,2012
543,Kelly's Heroes,Ches Sertin,2012
544,Vai~E~Vem,Nate MacShirie,1980
545,"Omen, The",Niccolo Ewers,1977
546,Free Willy 2: The Adventure Home,Luce Dmitrienko,2004
547,Firewall,Cary Antonsson,2003
548,Carry on Cruising,Adelice Shackelton,1993
549,Western Union,Janessa McQuorkel,2022
550,Alien Space Avenger,Putnam Antonchik,2012
551,Human Capital (Il capitale umano),Charla Kinahan,1991
552,"Return of the Magnificent Seven, The (a.k.a. Return of the Seven)",Zorana Tremontana,1990
553,Metro,Joanne Eard,2019
554,The Harmony Game,Lynna Siret,2002
555,Thanks for Sharing,Corby Breslin,1998
556,Air Crew,Jaclin Slocket,2018
557,Out in the Dark,Blondelle Janak,2000
558,Love Liza,Marti Lobe,1975
559,Blue Car,Paten Rawcliffe,1985
560,Holiday Engagement,Daphne Rubke,1997
561,Two Can Play That Game,Laurie Ellerby,2010
562,Burden of Dreams,Aundrea Stevings,1994
563,"Human Condition II, The (Ningen no joken II)",Daryl Boothman,2001
564,"Fan, The",Manuel Smallpeace,1984
565,Planet of Snail,Gwenora Tuplin,1986
566,Westfront 1918,Ted Posen,1989
567,It Happened Here,Jenilee Kluss,2018
568,To the Arctic,Delilah Crosen,2016
569,PAY 2 PLAY: Democracy's High Stakes,Mirelle Pochin,2012
570,Ass Backwards,Alison Acton,2007
571,Ju-on: White Ghost,Flory Harse,1975
572,Budz House,Ame Gilburt,1996
573,Stella Street,Pasquale Ricardo,2008
574,Cleopatra,Pete Baldock,2010
575,Yellow Sky,Jessalyn Blackaller,2023
576,Pledge This!,Orazio Motherwell,1981
577,"Waiting Room, The",Diane-marie Gabbatt,2020
578,Hoffa,Dag Kid,1981
579,Dark Horse,Jodi Cauderlie,1988
580,"Silence, The (Sokout)",Nonie Stagge,1978
581,"Pillow Book, The",Mellisa Rawes,2000
582,Excess Baggage,Daron Grene,1995
583,Ginger Snaps,Leigh Skoof,2016
584,Million Dollar Legs,Rubia Dooman,2008
585,"Woods, The",Madelaine Hethron,2005
586,Everything,Aryn Gleadhell,1989
587,The Importance of Being Earnest,Philipa Szach,1986
588,"Second Man, The (O Defteros Andras)",Verine Gradly,2001
589,Ace Ventura: When Nature Calls,Steffen Schmidt,1979
590,Riviera,Job Mathers,1978
591,Another Thin Man,Annelise Szymanowicz,1999
592,"Blue Bird, The",Sanders Mitchelson,2016
593,Ocean's Twelve,Gwynne Kibble,2012
594,Class of 1999,Delila Binner,1977
595,Speaking Parts,Beverie Liver,2017
596,Princess,Edgardo Franseco,1998
597,Innocent Lies,Murdock Eastwell,1998
598,Transformers,Bret Gianilli,1992
599,"Jimmy Rosenberg: The Father, the Son & the Talent",Kordula Itzkovsky,1987
600,Garden Lovers (Eedenistä pohjoiseen),Trumann Esterbrook,2013
601,Broadway Bill,Lynette Greville,1984
602,Airspeed,Rhoda Mell,1975
603,Star Trek: Generations,Brook Matthesius,2014
604,Everybody's Woman (La signora di tutti),Katharyn Embra,2009
605,"Dying Swan, The (Umirayushchii lebed)",Kendra Bozier,2014
606,"Monkey's Mask, The",Paulina Brandreth,1991
607,Good Luck. And Take Care of Each Other,Mersey Denney,2025
608,Glory to the Filmmaker! (Kantoku · Banzai!),Tiffi Dobrowolny,1996
609,Last Passenger,Elicia Ailward,2017
610,The .44 Specialist,Toby Nekrews,1996
611,"Lodger, The",Sonnnie Liggett,1979
612,Chef,Nestor Anselmi,2009
613,"Loved Ones, The",Preston Hattrick,1989
614,Out in the Dark,Zolly Blazeby,2008
615,Top Dog,Saudra Brough,1978
616,"Bedroom Window, The",Curran Powdrill,1999
617,Cats & Dogs,Hercule Whellans,2000
618,"Living Daylights, The",Myrtle Castro,2021
619,"Kids, The (Mistons, Les) (Mischief Makers, The)",Reinaldo De Normanville,1985
620,John Doe: Vigilante,Hardy Gerwood,1992
621,Vermont Is For Lovers,Maryellen Verney,2004
622,Army Brats (Schatjes!),Craig Bowshire,2000
623,I Can Get It for You Wholesale,Calli Steinhammer,2014
624,In This World,Kissee Giff,2005
625,Hector and the Search for Happiness,Tracy Grubb,1990
626,"Wise Guys, The (Les grandes gueules)",Thomasine Seifert,2000
627,Lucy,Etan Beams,2021
628,Shining Through,Britt Loughrey,2017
629,Blackout,Marcos Winsiowiecki,1994
630,Samson and Delilah,Ladonna Daveran,1975
631,Curdled,Marta Jansky,1988
632,Rock the Boat,Hildegarde Jankovic,1980
633,Eye See You (D-Tox),Pearla Thunderchief,1994
634,"Septième juré, Le",Cortie Crooke,2021
635,Hotte in Paradise (Hotte im Paradies),Becca Brighouse,1988
636,"Sixth of the World, A (Shestaya chast mira)",Chen Neilson,1978
637,"Cloud-Capped Star, The (Meghe Dhaka Tara)",Elle Lohrensen,1987
638,Tamara Drewe,Julietta Dilrew,1997
639,Siberian Education (Educazione siberiana),Clerc Jackalin,1985
640,Decoding Annie Parker,Harv Balloch,2021
641,Tristram Shandy: A Cock and Bull Story,Hale Castagnaro,2011
642,"Pont du Nord, Le",Erica Matteo,2000
643,Legionnaire,Kristien Dagless,1989
644,Waterland,Kayley Pioli,2022
645,Jerusalem Countdown,Sabina Livermore,1987
646,Horror Business,Burty Dennitts,2003
647,Pet Sematary,Frances Tropman,1994
648,Solyaris,Myrilla Pelling,1992
649,La discrète,Keen Imlacke,2001
650,Scorching Winds (Garm Hava) (Garam Hawa),Gayleen Skerm,2002
651,Justin and the Knights of Valour,Cariotta Oleszkiewicz,1980
652,Closing the Ring,Keary Vaux,1999
653,Kiwi!,Anne-marie O' Culligan,2018
654,Return to the Blue Lagoon,Shanda Jeaycock,1997
655,"Loco Love (Mi Casa, Su Casa)",Josey Belderson,2007
656,"City, The (Ciudad, La)",Vidovik Noteyoung,2018
657,Year of the Jellyfish (L'année des méduses),Clyde Kermitt,1993
658,Killing Them Softly,Adorne Dinis,1981
659,"Horseman on the Roof, The (Hussard sur le toit, Le)",Reiko Wraighte,2017
660,People on Sunday (Menschen am Sonntag),Jacklyn Bolan,2005
661,"Abbott and Costello Meet the Killer, Boris Karloff",Dollie Ferreri,1975
662,Alphabet,Netta Dayborne,1992
663,"Aries Spears: Hollywood, Look I'm Smiling",Vivienne Dust,2013
664,Our Town,Felisha McGonigle,2012
665,Parting Glances,Borden Alfonsini,2003
666,Georgia Rule,Patience Strognell,2020
667,Silent Fall,Isidor Gayton,1985
668,Behind Enemy Lines,Edithe Ambroz,2022
669,Geography Club,Aurel Shardlow,2010
670,Loft (Rofuto),Velvet Leyrroyd,2006
671,"Children Are Watching Us, The (Bambini ci guardano, I)",Cleopatra Posten,2015
672,Toward the Unknown,Durward McKeevers,1977
673,"Grifters, The",Rufus Louch,2001
674,"Mourning Forest, The (Mogari no mori)",Cale Tuffin,2016
675,Marriage Material,Ambrosio Tomaszewski,2020
676,Blueberry,Johanna McCormack,1986
677,"Chorus Line, A",Kahaleel Lattimer,2019
678,Interview with a Hitman,Marigold Hitter,1998
679,Flame and Citron (Flammen & Citronen),Donalt Tyrie,2017
680,"Sword in the Stone, The",Chen Duffrie,1993
681,800 Bullets (800 Balas),Deck Charity,2002
682,Promised Land (Ziemia Obiecana),Gretel Scarsbrook,2009
683,"Steel Helmet, The",Onfre MacCosty,2009
684,Ask the Dust,Simeon Sterling,2008
685,Happy Birthday to a Beautiful Woman,Adrianna Tidridge,2019
686,"Das Experiment (Experiment, The)",Rozalin Matz,2011
687,Sushi Girl,Ortensia Gayne,1986
688,Last Holiday,Julian Scrancher,1984
689,Dead Ahead: The Exxon Valdez Disaster,Hazlett Vearncomb,1991
690,The Dark Valley,Shelley Maggiori,1983
691,Storm,Lenard Rashleigh,2019
692,Airplane II: The Sequel,Alaine Sturdey,1976
693,Mitä meistä tuli,Aidan Harrow,2025
694,"Godfather: Part II, The",Zachary Vigus,2025
695,Kiki,Chantal Mabey,1981
696,Too Big to Fail,Dun Wildman,1995
697,Flying Tigers,Gibb Skellorne,1990
698,Pusher,Ingrim Curston,1984
699,"Boy in Blue, The",Mark Harses,1977
700,Jim Gaffigan: Mr. Universe,Hugo Hampshaw,2006
701,Rooster's Breakfast (Petelinji zajtrk),Wilfred Abthorpe,2019
702,Drunks,Bartlett Rathjen,1978
703,Island in the Sun,Antonin Cromblehome,2017
704,Pin...,Korie Applin,2005
705,"Joy Luck Club, The",Anette Benion,1987
706,Ali,Ronnie Sturdgess,1987
707,All the President's Men,Jule Bumby,2016
708,Motherhood,Abie Roscamp,1997
709,Battle Hymn,Rickert Mendez,2013
710,Sometimes They Come Back... Again,Giffard Boddice,1981
711,History of the Eagles,Anna Thirkettle,2002
712,CrissCross,Penny Stuck,2019
713,Milagro Beanfield War,Timmy Jaffrey,2006
714,"Killer Meteors, The (Feng yu shuang liu xing)",Vasilis Goschalk,2010
715,In the Time of the Butterflies,Pauly Strutton,1987
716,Three Coins in the Fountain,Aurore Farrans,1975
717,Fiorile,Arni Deerness,2023
718,Torment (Hets),Phil Hollindale,1997
719,Vlad Tepes (Vlad &#354;epe&#351;),Zebulen Carnalan,2018
720,Small Town Gay Bar,Kasey Thecham,2025
721,"Bride with White Hair, The (Bai fa mo nu zhuan)",Gratiana Collingdon,1997
722,"Fourth State, The (Die vierte Macht)",Bevon Sawyer,2013
723,"Terminator, The",Dominick Daykin,2014
724,"Girl Who Talked to Dolphins, The",Juliann Ballin,2019
725,Gloria,Agnesse Twede,1985
726,In a Town This Size,Jacquette Ubsdell,2006
727,"Other Boleyn Girl, The",Quintina Roan,2020
728,Dead Birds,Aundrea MacMenemy,1992
729,Summer of '04 (Sommer '04),Adda Kynson,1981
730,"Peck on the Cheek, A (Kannathil Muthamittal)",Teena Bartomieu,2005
731,Carmen Jones,Irv Isaac,1980
732,Norm MacDonald: Me Doing Standup,Julee Jaquemar,2018
733,"Theatre Bizarre, The",Hugibert Marioneau,2002
734,Appaloosa,Elwira Lyste,1976
735,Woman in Love (Rubbeldiekatz),Shurlock Franklin,2020
736,Bridesmaids,Adelice Camerati,1979
737,Father of Invention,Rudd Norridge,1999
738,Azumi 2: Death or Love,Konstanze Harome,1978
739,Take Care of My Cat (Goyangileul butaghae),Cammi Maffulli,2015
740,Gridiron Gang,Gale Nealon,2023
741,The Dancer,Brennen Manterfield,2007
742,Once Upon a Time in Phuket (En gång i Phuket),Ashby Polon,2006
743,One Trick Pony,Florencia Athelstan,2004
744,Fever,Caro Pockett,1981
745,Eichmann,Natala Summerson,1994
746,Ali G Indahouse,Ingrid Kloisner,2019
747,At War with the Army,Yolane Neil,1987
748,Book of Love,Shannen Plaskett,2013
749,Medicine for Melancholy,Hercules Harding,2021
750,Rahtree: Flower of the Night (Buppha Rahtree),Eimile Purslow,2009
751,"Slave of Love, A (Raba lyubvi)",Channa Yerrall,2021
752,School Daze,Adeline Shepton,2019
753,Chariots of Fire,Nicolette Lackner,1992
754,Curdled,Tremain Instock,2018
755,Flightplan,Krystal Hegley,2016
756,Beyond the Forest,Gretchen Sobtka,1996
757,"Beast Must Die, The",Norri Walhedd,2001
758,They Bite,Joyce Boame,2021
759,Martin Lawrence Live: Runteldat,Harriott Strowger,1995
760,True Colors,Norris Esson,2001
761,Face of a Fugitive,Ailbert Smitham,2023
762,Cruel Intentions 2 (Cruel Intentions 2: Manchester Prep),Hermia Menure,2016
763,Novo,Halli Allmark,1977
764,"Last Stand, The",Alonso Sinden,1976
765,Ganes,Lonee Hamsley,2024
766,"Edge of the World, The",Myrilla Dunthorne,1975
767,Santa Buddies,Martie Bidgod,2002
768,"Last of Sheila, The",Joya Heinl,2020
769,Coco Chanel & Igor Stravinsky,Celine Wasmuth,2004
770,Tension at Table Rock,Latrina Taber,1979
771,Alice Upside Down (Alice),Westbrooke Fist,1984
772,Family Resemblances (Un air de famille),Karel Castellani,1995
773,Strawberries in the Supermarket (Jagoda u supermarketu) ,Ganny Stuckes,2002
774,Things to Do in Denver When You're Dead,Fenelia Sims,2006
775,Cabin Fever: Patient Zero,Vladimir Klimus,1979
776,"Pink Panther, The",Linnet Lampel,1998
777,Trailer Park Boys: Live at the North Pole,Sully Addison,1985
778,Secrets of a Soul (Geheimnisse einer Seele),Rosene Hatry,1991
779,God told Me To,Aeriela Meriott,2018
780,Cul-de-sac,Cristen Faughey,2014
781,White Bird in a Blizzard,Leontyne Sprigging,1985
782,Heavenly Creatures,Trumann Borsnall,1993
783,Kaboom,Quent Massel,2000
784,Delivery Man,Eustace Ruberry,2005
785,"Shining, The",Jeromy Kinnett,2011
786,"Winning Season, The",Josefa Schuh,2009
787,Unaccompanied Minors,Tanney Issacoff,1976
788,"Five Minarets in New York (Act of Vengeance) (Terrorist, The)",Candi Dran,1977
789,The Hire: Powder Keg,Ilyssa Pendall,1997
790,Penitentiary,Dillie Murison,1994
791,"Most Beautiful, The (Ichiban utsukushiku)",Giselle Habeshaw,2002
792,Women Aren't Funny,Gretna Cockson,2021
793,Little Dorrit,Delia Grime,2014
794,Hard to Be a God,Isidoro Kinig,2015
795,"Hot Dog Program, A",Kate Lathan,1988
796,High Art,Gaspard Wilshere,1999
797,Gunfighter's Moon,Bambi Fetherstonhaugh,2007
798,Everybody's Famous! (Iedereen beroemd!),Hasty Seleway,2023
799,If You Could Only Cook,Ariel O'Hear,1981
800,Barabbas,Garrett Newlin,2004
801,Right Now (À tout de suite),Reggi Somers,1984
802,Evil (Ondskan),Rad Murfett,1980
803,"Power of Nightmares, The: The Rise of the Politics of Fear",Yoshi Reinard,2013
804,"Hound of the Baskervilles, The",Jan Brandolini,1998
805,"Winning of Barbara Worth, The",Alvinia Trout,1995
806,10 MPH,Dallon Kleinplatz,1981
807,Puppet Master: Axis of Evil (Puppet Master 10),Ashlie Hessel,1988
808,"Dragonphoenix Chronicles: Indomitable, The",Jessee Cusick,2012
809,"Swarm, The",Alair Mardle,2005
810,"Saint in London, The",Malanie Slisby,2003
811,Palindromes,Gilberta Doughtery,2022
812,Grumpy Old Men,Ferdinanda Mickelwright,1986
813,Kamikaze,Eliza Aleksankov,1978
814,"Messenger, The",Iver Ledram,2021
815,"Incredible Melting Man, The",Town Westbrook,1989
816,Jim Jefferies: Alcoholocaust,Carr Sayton,1989
817,Rudolph the Red-Nosed Reindeer,Kelsey Casolla,2009
818,Black Snake Moan,Rora Hrycek,1990
819,"Jungo Goes Bananas: Jungo III (Jungledyret Hugo: Fræk, flabet og fri)",Gizela Joberne,1993
820,Sharktopus,Monte Anlay,2013
821,Judge Dredd,Rodrique Burnsides,2013
822,"Greatest Game Ever Played, The",Gerti Walding,2003
823,"MatchMaker, The",Maxie Bryde,1980
824,Spinout,Gisela Gaytor,1995
825,Empty Nest (El nido vacío),Briana Fidgett,2006
826,Little Big Soldier (Da bing xiao jiang),Chic Bellee,2004
827,Evangelion: 2.0 You Can (Not) Advance (Evangerion shin gekijôban: Ha),Angeline Lambarton,1978
828,"Scarecrow, The",Munmro Kennefick,1979
829,"Krakatoa, East of Java",Federico Creese,1987
830,Mister Buddwing,Brose Creggan,2011
831,"Rains Came, The",Mareah Kiendl,2010
832,The Stanford Prison Experiment,Gwendolen Gallier,1985
833,Spooky House,Glory Aaron,2006
834,Bad Girls,Herrick Wagen,2023
835,Getting Even with Dad,Raphaela McAuley,2007
836,Scenes From a Marriage (Scener ur ett äktenskap),Lynnell Cissen,2009
837,"Collector, The (La collectionneuse)",Zuzana Simonetti,2021
838,Reckless,Laurie Carah,1977
839,"Brave, The",Carleton Hencke,1995
840,Only God Knows (Sólo Dios Sabe),Glynda Froment,1994
841,Preaching to the Perverted,Jasmine Bunston,1980
842,Alabama's Ghost,Grove Wallhead,1977
843,Zero Tolerance (Noll tolerans),Sigismond Decourcy,2017
844,"Visitors, The (Visiteurs, Les)",Merci Brisseau,2024
845,"Eighth Day, The (Den Åttonde dagen)",Had Gong,1984
846,"Four Musketeers, The",Shayne Guillerman,2011
847,Secrets of a Soul (Geheimnisse einer Seele),Cort Ozelton,1978
848,Julius Caesar,Danny Tigner,2001
849,"Ditchdigger's Daughters, The",Bellina Padley,2013
850,Ever After: A Cinderella Story,Ninette Klimpke,1992
851,Wrestling for Jesus: The Tale of T-Money,Sherye Pellington,1999
852,Pray the Devil Back to Hell,Dougie Chaucer,1977
853,Son of Batman,Quintin Cluelow,1994
854,Hippie Masala - Forever in India,Davine Shinton,2007
855,Come and Get It,Demetrius Rambaut,1981
856,Bar Girls,Golda Leed,1986
857,Eight Crazy Nights (Adam Sandler's Eight Crazy Nights),Benyamin Beirne,2021
858,"Padrecito, El (Little Priest)",Hobie Goodacre,2002
859,"Miss and the Doctors (Tirez la langue, mademoiselle)",Kamilah Baggelley,2024
860,"Story of Me, The (O contador de histórias)",Northrop Whartonby,1995
861,Man of the House,Fran Kirkhouse,2025
862,SUBWAYStories: Tales from the Underground,Amerigo Chadderton,2005
863,Confetti,Kasper Byneth,1988
864,Steppenwolf,Peggie Thorlby,2008
865,Gloria,Jayson Stedson,1998
866,"Rocket from Calabuch, The (Calabuch)",Perkin Abells,2017
867,Viva Zapata!,Alley Pheasant,2008
868,Babel,Reinold Burdell,2025
869,Went the Day Well?,Janette Finnie,2015
870,"Legend of Zorro, The",Ardine Hamnet,1995
871,Mr. Nanny,Kirstyn Cookney,2004
872,Micki + Maude,Bird McIntosh,1976
873,My Sex Life... or How I Got Into an Argument (Comment je me suis disputé... (ma vie sexuelle)),Kort Orleton,1985
874,Attack on the Iron Coast,Abel Eric,1982
875,44 Minutes: The North Hollywood Shoot-Out,Ola Lineham,2023
876,Miral,Isac Dawidowitsch,1999
877,Bopha!,Shirl Jammes,1991
878,"Bear, The (Ours, L')",Stacie Cowill,1979
879,Monkey Business,Celestia Mallabone,1989
880,Cathy Come Home,Claudine Sawood,2014
881,"Man Who Loved Women, The",Kittie Duesbury,1996
882,Shanks,Lib Dickenson,1975
883,Battlestar Galactica,Kenyon Alp,2002
884,The Last of the Finest,Becki Besset,1985
885,"Tender Trap, The",Perri Topham,1988
886,Max Manus,Brook Hallt,1976
887,"Secret of Moonacre, The",Cookie Dundon,2011
888,Attack!,Sioux Heikkinen,2008
889,Mayor of the Sunset Strip,Paxton Float,2011
890,Scanners III: The Takeover (Scanner Force),Alikee Ravilious,1975
891,"Dames du Bois de Boulogne, Les (Ladies of the Bois de Boulogne, The) (Ladies of the Park)",Gerrard Dive,2024
892,"Other Side of Midnight, The",Elysee Pierucci,2008
893,Killer Bean 2: The Party,Sammie Flahy,1978
894,"Dorado, El",Marline Tzuker,1987
895,I Love Your Work,Suzanna Screen,1985
896,Dead in the Water,Simone Kitchinham,1984
897,Trek Nation,Richart Livesey,1990
898,"Cold Light of Day, The",Graham Baitman,2014
899,"Snows of Kilimanjaro, The (Neiges du Kilimandjaro, Les)",Lukas Botger,2005
900,"Art of War II: Betrayal, The",Tabor Hobben,2006
901,Tomboy,Lazarus Bowles,2006
902,Beastie Boys: Sabotage,Susy Wardington,2006
903,Bastards (Les salauds),Stacee Bampforth,1996
904,Psycho II,Rheba Manford,1995
905,Green Lantern: First Flight,Madelle Glascott,1997
906,Who Is Harry Kellerman and Why Is He Saying Those Terrible Things About Me?,Kristyn Pydcock,2015
907,Victim,Jannel Leachman,2019
908,Down to You,Loraine Robilliard,1977
909,"Santa Clause 3: The Escape Clause, The",Isidore Top,1987
910,Serious Moonlight,Giuseppe Leemans,2013
911,The Legend of Mor'du,Arlyne Vegas,1978
912,Arbitrage,Port Chatwin,1998
913,Perfectly Normal,Feodor Ruzic,2020
914,Food of the Gods II,Pattin Kirwood,2016
915,Portraits of Women (Naisenkuvia),Nanci Arnson,2014
916,"Care Bears Movie, The",Flossi Kleuer,2011
917,For the Love of a Dog,Sherline Brandrick,2019
918,"Escape Artist, The",Patrizia Worts,1995
919,Black Cloud,Winnifred Krauss,2025
920,"Good Lawyer's Wife, A (Baramnan gajok)",Lida Paolozzi,2016
921,Unknown,Berrie Overstone,2019
922,The Key,Hertha Leffek,2020
923,Talcum Powder,Aubert Rugiero,1992
924,Bad Ronald,Goran Nabarro,1978
925,"House, The (A Casa)",Amalle Dionisii,2024
926,Six Ways to Sunday,Darill Whooley,1975
927,"Strange Case of Dr. Jekyll and Miss Osbourne, The (Dr. Jekyll and His Women) (Docteur Jekyll et les femmes)",Lindsey Domingues,1977
928,"Tesseract, The",Piper Holby,1981
929,The Wind in the Willows,Staffard Buntine,1996
930,"Fantasticks, The",Kettie McGinn,1977
931,She's the Man,Rriocard Perring,1979
932,"Frozen, The",Abdel Betke,1991
933,"Stupids, The",Duke Housbey,1998
934,Elena and Her Men (Paris Does Strange Things) (Elena et les hommes),Ailsun Liddington,1991
935,"Grand Maneuver, The (Les grandes manoeuvres)",Fraze Nani,2001
936,High School Hellcats,Deck Simchenko,2020
937,La Legge Violenta Della Squadra Anticrimine,Ailis Peasegood,2009
938,"Girl of Your Dreams, The (Niña de tus ojos, La)",Krishna Tembey,2022
939,Terra (a.k.a. Battle for Terra),Bo Bhatia,1986
940,Overlord,Leanna Ligoe,2023
941,Batman: Assault on Arkham,Karyn Collingham,1992
942,Her Master's Voice,Brian Hull,1980
943,Experiment in Terror,Tadio Callaway,2024
944,Ready to Wear (Pret-A-Porter),Francisca Murphy,1996
945,"Snails, The (Escargots, Les)",Susie Achromov,2014
946,In the Time of the Butterflies,Annamarie Syratt,1988
947,Heavens Fall,Julietta Yoxall,2019
948,Sleepwalkers,Alyda Redmore,1975
949,Bay of Angels (La baie des anges),Barrie Millyard,1978
950,Happiness,Charley Brugger,2019
951,"Fog, The",Herve Farragher,2011
952,Where's Poppa?,Vick Pilkington,2022
953,Promised Land (Ziemia Obiecana),Jarrid Ellar,1999
954,Marie and Bruce,Waiter Rozea,2007
955,"Grass Harp, The",Micki Greenly,1991
956,Oxy-Morons,Antonia Diment,2015
957,Just Friends?,Darrin Citrine,2012
958,The Real Glory,Amabelle Andretti,2015
959,"Man with No Shadow, The (Homme sans ombre, L')",Alessandra Holywell,1980
960,Kiss of the Spider Woman,Betteanne Datte,2014
961,Lilting,Collete Moncrieffe,2016
962,"Pleasure Garden, The",Gerrilee Ebbens,1988
963,God's Not Dead,Winfield McKmurrie,2021
964,Let It Be,Lynea Franken,1999
965,Ziggy Stardust and the Spiders from Mars,Ira Eakly,1990
966,I Accuse!,Wald Blethyn,1976
967,Gerhard Richter Painting,Hewett Isles,1993
968,Trust Me,Jenn Hollingby,1977
969,Orchestra Rehearsal (Prova d'orchestra),Orly Braund,1979
970,People on Sunday (Menschen am Sonntag),Ivonne Dorrian,2002
971,"Prophecy 3: The Ascent, The",Damian Klimashevich,1987
972,"Patriots, The (Patriotes, Les)",Phoebe Tumber,2008
973,Cape Fear,Cathryn Johanchon,2019
974,"Django, Kill... If You Live, Shoot! (Se sei vivo spara)",Antonina Gabbatt,2004
975,Zorro,Carla Willcock,2023
976,"Forsaken, The",Kim Boldero,2023
977,Shooter,Carmel Cammock,2025
978,Strings,Anderea Ritmeyer,1983
979,"Web of Death, The",Prent Buckston,1983
980,Crash,Dara Marklew,2024
981,Coherence,Polly Commin,2012
982,Yves Saint Laurent,Trudey Whear,1983
983,"Hail Mary ('Je vous salue, Marie')",Zeb Seyers,2006
984,The Clowns,Son Aukland,2004
985,Fara,Lincoln Wisedale,1991
986,Mean Girls,Eberhard Goroni,2010
987,Charlie Chan in Egypt,Grant Nurcombe,1993
988,Blackwoods,Oralla Pedlow,1983
989,Cry 'Havoc',Shem Glas,2001
990,Screwed,Douglas Mynard,1996
991,"Wedding in Blood (Noces rouges, Les)",Merrie Reidshaw,2015
992,"Pursuit of D.B. Cooper, The (a.k.a. Pursuit)",Wynne Bubear,1997
993,"Gorgon, The",Boot McCumskay,1976
994,Eulogy,Adaline Whelan,1995
995,Bernie,Paolina Stanistreet,1986
996,Out of Bounds,Sherrie Guitte,2012
997,"Soul of Bread, The (Ai de mian bao hun)",Iain Lacknor,2025
998,Kounterfeit,Theodora Baskett,1998
999,It's a Bird,Rosalind Geerling,1988
1000,"Caveman's Valentine, The",Elle Longstreeth,1984
